seller_id,num_of_orders,total_revenue,avg_delivery_time,avg_review,revenue_group,rank_by_delivery
48efc9d94a9834137efd9ea76b065a38,33,345.6,10.793636363636363,5.0,low,119.0
41c2bad7229b0c25e6becf179ebf63ff,20,782.0,4.693,4.95,low,1.0
02f5837340d7eb4f653d676c7256523a,30,3883.05,9.659333333333333,4.833333333333333,low,78.0
d13e50eaa47b4cbe9eb81465865d8cfc,66,7073.05,5.039242424242424,4.818181818181818,medium,1.0
42fa4ee7240e9b8eb4576358ec142ba7,21,3646.7,6.931904761904762,4.809523809523809,low,14.0
b410bdd36d5db7a65dcd42b7ead933b8,42,7368.9,9.201904761904762,4.809523809523809,medium,44.0
83e197e95a1bbabc8c75e883ed016c47,46,6574.1900000000005,10.443260869565217,4.804347826086956,medium,90.0
d9bd94811c3338dceb4181f3dbc0c73e,54,6911.02,8.040925925925926,4.796296296296297,medium,12.0
5a93f3ab0ef4c84ed5e1b5dbf23978bc,37,2276.47,15.25162162162162,4.783783783783784,low,241.0
7ade73f1b9b4e965f9009a4c3a7e2c15,26,1835.3000000000002,9.665384615384616,4.769230769230769,low,79.0
5bffbafbb22daf6d3bfc216a46db8708,21,5239.7,8.653809523809525,4.761904761904762,medium,29.0
79ed755314cfe6df0daef2c6cd3022cd,22,3547.7000000000003,9.141363636363637,4.7272727272727275,low,59.0
3785b653b1b82de85ab47dd139938091,21,1552.0,11.928571428571429,4.714285714285714,low,156.0
671585f5a2af58b6e276bc01003c0d2b,27,1244.0,5.587777777777778,4.703703703703703,low,3.0
02ecc2a19303f05e59ce133fd923fff7,20,5024.29,11.404,4.7,medium,118.0
013900e863eace745d3ec7614cab5b1a,23,1619.7,12.194347826086958,4.695652173913044,low,161.0
d566c37fa119d5e66c4e9052e83ee4ea,64,5031.9,5.8225,4.6875,medium,2.0
18e694e0e48ed6f7aa3f24aade5fd697,31,701.54,6.0122580645161285,4.67741935483871,low,6.0
376a891762bbdecbc02b4b6adec3fdda,57,6406.23,12.221052631578948,4.666666666666667,medium,145.0
6b15924333bd1a741595fe981ea04822,21,614.3199999999999,7.78047619047619,4.666666666666667,low,31.0
0bb738e4d789e63e2267697c42d35a2d,29,2308.4,12.08607142857143,4.655172413793103,low,159.0
42ef3192a9ff87a22d1867b74b3ee205,23,1354.0900000000001,9.309565217391304,4.6521739130434785,low,67.0
5f3ae9136c875522250f8184f253413a,42,1143.05,7.862380952380953,4.642857142857143,low,35.0
960945e1a9535cbc0cd6ddd35fbe7ae8,28,3381.73,6.186785714285714,4.642857142857143,low,7.0
d1b65fc7debc3361ea86b5f14c68d2e2,39,11413.17,9.192051282051283,4.641025641025641,high,15.0
116ccb1a1604bc88e4d234a8c23f33de,61,2004.89,9.046557377049181,4.639344262295082,low,57.0
31561f325664a8a7aba4c8d0c3a9b3db,36,2702.19,7.3886111111111115,4.638888888888889,low,18.0
ac3508719a1d8f5b7614b798f70af136,99,12196.44,9.477272727272727,4.636363636363637,high,23.0
516e7738bd8f735ac19a010ee5450d8d,74,6463.19,8.832972972972973,4.635135135135135,medium,34.0
6061155addc1e54b4cfb51c1c2a32ad8,27,15653.4,5.935185185185185,4.62962962962963,high,1.0
1771297ac436903d1dd6b0e9279aa505,27,2833.2200000000003,9.51925925925926,4.62962962962963,low,74.0
cc3d14116804f7209f3884f6367f1152,27,5477.8,12.827037037037037,4.62962962962963,medium,167.0
718539d38d07dd351c76db862760e2e2,35,1273.01,8.636285714285714,4.628571428571429,low,48.0
1bb2bdb95f4841f1bba2c0d2cd83d3c9,78,4885.8099999999995,12.418076923076923,4.628205128205129,medium,149.0
33a17d60c64393351ebf1ef860f4e0f2,43,8152.4800000000005,10.61279069767442,4.627906976744186,medium,95.0
ed4311e67debd72b8610a5347a743087,24,3496.0,7.826250000000001,4.625,low,33.0
d4e12e7884759a14fa0f5f896c791cae,29,1400.0,8.423103448275862,4.620689655172414,low,45.0
1c40343cc5d18c2d8248ac2f3366de34,21,2461.41,7.482857142857144,4.619047619047619,low,20.0
080199a181c46c657dc5aa235411be3b,78,14324.710000000001,8.087564102564103,4.615384615384615,high,6.0
95ec4458365c4d11f452ccf538377619,26,1819.43,6.221923076923077,4.615384615384615,low,8.0
6e386f64c84e482f0b9abf960797ee1b,28,11921.6,10.291428571428572,4.607142857142857,high,52.0
1caf283236cd69af44cbc09a0a1e7d32,33,917.6,13.81,4.606060606060606,low,213.0
808d4348b916efa08e766ebad39f61eb,20,712.95,7.961499999999999,4.6,low,38.0
6338ea67c41078a46ad99cc009654956,35,2153.39,12.699142857142858,4.6,low,176.0
bf3c6d2a28b2b5501e6c15448982dcc9,35,3956.5,11.815714285714286,4.6,low,153.0
02f623a8eb246f3c5f7c2f96462654e6,42,5790.0,8.531428571428572,4.595238095238095,medium,22.0
594f9aaa48e5bf431f011ddc5669b0d5,37,3248.8,7.786756756756757,4.594594594594595,low,32.0
f0837c8d71434931d9e38e7b79234797,22,4596.9,11.822727272727274,4.590909090909091,medium,130.0
a3dd39f583bc80bd8c5901c95878921e,34,4607.81,12.463235294117647,4.588235294117647,medium,152.0
289cdb325fb7e7f891c38608bf9e0962,109,13410.55,6.729266055045872,4.587155963302752,high,3.0
d9a84e1403de8da0c3aa531d6d108ba6,53,1385.3,7.519622641509434,4.584905660377358,low,21.0
e5e33c0d8e7e002f398f5dc4cbbb338f,26,6494.9,12.065,4.576923076923077,medium,140.0
8d79c8a04e42d722a75097ce5cbcf2ef,26,2627.82,19.17269230769231,4.576923076923077,low,261.0
744dac408745240a2c2528fb1b6028f3,78,22322.6,11.029615384615385,4.576923076923077,high,76.0
5b925e1d006e9476d738aa200751b73b,59,7342.5,10.690508474576271,4.576271186440678,medium,98.0
679769a98cfcc6da877c8486ff1c13f3,21,7029.0,9.536666666666667,4.571428571428571,medium,49.0
d1ef48b38baca7e831711c4a0aeb398f,28,1439.13,9.91,4.571428571428571,low,85.0
e882b2a25a10b9c057cc49695f222c19,56,51720.270000000004,9.6,4.571428571428571,high,25.0
f4db9b37944bcb8873e6b456ee190bbf,21,3409.78,13.153333333333332,4.571428571428571,low,191.0
c864036feaab8c1659f65ea4faebe1da,58,10454.2,12.280517241379311,4.568965517241379,high,118.0
c66dccfb3f109511246da627dd5a2498,44,12182.55,11.344318181818181,4.568181818181818,high,87.0
a5cba26a62b8b4d0145b68b841e62e7f,53,14438.84,13.183962264150944,4.566037735849057,high,159.0
10076e5788b8ee532724bcd460baf762,23,821.48,10.033478260869567,4.565217391304348,low,87.0
6df688df543f90e9b38f4319e75a9d88,39,1891.76,7.936666666666666,4.564102564102564,low,37.0
729b2d09b2a0bdab221076327f13d050,48,1805.21,12.483333333333334,4.5625,low,169.0
43f8c9950d11ecd03a0304a49e010da6,41,4249.59,11.498536585365853,4.560975609756097,medium,122.0
f7496d659ca9fdaf323c0aae84176632,25,4837.67,12.4276,4.56,medium,150.0
1dc2de47ee26a0a5b12dc14fd6dc0dea,25,1670.3,14.61,4.56,low,234.0
e49c26c3edfa46d227d5121a6b6e4d37,34,3624.35,11.61970588235294,4.5588235294117645,low,147.0
d921b68bf747894be13a97ae52b0f386,77,15645.8,9.974545454545455,4.558441558441558,high,38.0
12b9676b00f60f3b700e83af21824c0e,132,26177.0,14.890681818181818,4.553030303030303,high,216.0
7f7b8245c336066a1f9933c359f11d77,38,2094.36,8.170789473684211,4.552631578947368,low,41.0
080102cd0a76b09e0dcf55fcacc60e05,121,5536.65,9.952809917355372,4.545454545454546,medium,66.0
916c9de0b5ad957346eeeb12f332687e,22,5336.5,8.834545454545454,4.545454545454546,medium,35.0
834f3294fba9f932f56edc879193f925,66,39907.5,14.29621212121212,4.545454545454546,high,192.0
2a5b78b41cd05baeac8df54c6606b92c,46,15554.279999999999,9.040000000000001,4.543478260869565,high,13.0
9b00ed88b7fdb95d6ff76e27c1b52d16,46,1567.88,9.40413043478261,4.543478260869565,low,70.0
9d4db00d65d7760644ac0c14edb5fd86,96,9802.82,8.071458333333334,4.541666666666667,high,5.0
2ff97219cb8622eaf3cd89b7d9c09824,87,4339.1,8.974942528735633,4.540229885057471,medium,38.0
4bfc7a4a1cf8d4d2121c27422d9e50b5,26,8124.4,8.018076923076922,4.538461538461538,medium,11.0
0432ead42b6c8a0bdf68154add917fdf,82,7574.400000000001,8.895121951219512,4.536585365853658,medium,37.0
c68fb906c8f4b4b946d8386bfa6e5467,43,4377.65,10.778139534883723,4.534883720930233,medium,101.0
fde0cc9ea29c8ccfc0a2c22256a58c71,34,3823.0,8.415588235294118,4.529411764705882,low,44.0
9de4643a8dbde634fe55621059d92273,72,17560.34,14.635972222222222,4.527777777777778,high,207.0
b1ac6ea7895bc3dd6f0f6f4abbdd2821,38,2962.0,10.180263157894737,4.526315789473684,low,97.0
b6d44737c043328708f6749c2dbe50bd,61,5284.6,8.212131147540983,4.524590163934426,medium,17.0
b347677812ea483b0f528eaf8cbc09b7,21,7288.99,13.22095238095238,4.523809523809524,medium,176.0
7c5b05cbdb5542049f38d90d7815b97d,21,993.97,7.548571428571429,4.523809523809524,low,22.0
bccf933e006e9b94a6184af782963e77,44,4012.75,11.6175,4.5227272727272725,low,146.0
725c32fa80c2faacc4fc88450d27314e,87,7679.0,8.99183908045977,4.517241379310345,medium,39.0
709e16e2b25c7474d980076c6bfc4806,60,5151.9,10.642333333333333,4.516666666666667,medium,96.0
dbd66278cbfe1aa1000f90a217ca4695,84,4901.7,9.245238095238095,4.511904761904762,medium,45.0
f615fe7efbef0f4f08fd3086bc7a3e60,22,2061.37,7.5613636363636365,4.5,low,23.0
d66c305afaec317ebee552073a674429,38,4126.59,9.693947368421053,4.5,medium,55.0
d8c7ba53e7e38711eaef8c2849d6d2e1,22,1190.87,8.10909090909091,4.5,low,39.0
7901646fdd36a55f564ffaf2dbccaaf7,22,11857.08,9.82409090909091,4.5,high,33.0
66922902710d126a0e7d26b0e3805106,149,14187.3,11.16751677852349,4.496644295302014,high,78.0
0ffa40d54288e4f3499b8780dd0f144f,33,2162.8,13.53969696969697,4.484848484848484,low,203.0
cd6efc47efaabf134f8bdb654e10b4f1,31,4158.55,8.59258064516129,4.483870967741935,medium,25.0
0ebd97a106433a45a4aebe57c1799778,31,3046.8,9.436774193548388,4.483870967741935,low,71.0
f67efa3f0b6761102a7f8c6b7b571f5d,31,5188.68,9.979032258064517,4.483870967741935,medium,69.0
cce6ab8d1682639fe45ab70234f1665f,58,2282.7,15.16741379310345,4.482758620689655,low,239.0
fa40cc5b934574b62717c68f3d678b6d,303,15880.48,11.314290429042904,4.481848184818482,high,86.0
42b729f859728f5079499127a9c2ef37,102,4047.16,7.840098039215686,4.480392156862745,low,34.0
4371b634e0efc0e22b09b52907d9d469,100,8128.0,10.886,4.48,medium,105.0
e48b04bf1aa1ef711caebeb7aede6180,25,3187.1000000000004,10.544,4.48,low,111.0
b2a6d334e2833acea353624840e25a0e,25,1650.98,10.79,4.48,low,118.0
8cc6a0e5738e61a87b03c78b2ba9db4b,23,13272.7,16.772608695652174,4.478260869565218,high,248.0
acce39e832338debb07b02385cde5967,44,4748.1,7.047499999999999,4.4772727272727275,medium,5.0
5cf13accae3222c70a9cac40818ae839,147,14198.400000000001,10.661836734693876,4.476190476190476,high,57.0
c72de06d72748d1a0dfb2125be43ba63,21,17522.0,9.696190476190477,4.476190476190476,high,30.0
f181738b150df1f37cb0bd72e705b193,36,5529.7,9.318888888888889,4.472222222222222,medium,46.0
527801b552d0077ffd170872eb49683b,89,17833.899999999998,12.86573033707865,4.47191011235955,high,145.0
0509040ea3fe50071181bbc359eb7738,85,3452.55,11.559058823529412,4.470588235294118,low,142.0
715bbd5ba4e6b74cb0d2f29eb45058b0,62,4043.3,11.924032258064516,4.467741935483871,low,155.0
e38db885400cd35c71dfd162f2c1dbcf,30,2066.8,12.858666666666666,4.466666666666667,low,181.0
c003204e1ab016dfa150abc119207b24,195,24904.29,9.627333333333333,4.466666666666667,high,28.0
c3cfdc648177fdbbbb35635a37472c53,274,42621.19,9.61689781021898,4.463503649635037,high,27.0
55a5b51f93f2b70ea513f5a047b0262a,39,4002.3,13.73974358974359,4.461538461538462,low,210.0
cac876b37d3abcd6bd76caca30277996,26,2161.87,10.055384615384614,4.461538461538462,low,89.0
ba143b05f0110f0dc71ad71b4466ce92,83,5998.7,10.241566265060241,4.457831325301205,medium,81.0
7b1222c3624aa89b9558b50a2594188c,22,10103.52,17.665,4.454545454545454,high,253.0
65febd49fd28ec955651299159b1f527,33,4136.71,6.68,4.454545454545454,medium,3.0
cc5a78bbad32776dc4e3af205218368c,33,4269.18,8.184242424242424,4.454545454545454,medium,15.0
9d5a9018aee56acb367ba9c3f05d1d6a,66,10119.98,15.023484848484848,4.454545454545454,high,220.0
6cd68b3ed6d59aaa9fece558ad360c0a,148,11069.67,10.507432432432433,4.452702702702703,high,55.0
6c7d50c24b3ccd2fd83b44d8bb34e073,111,8302.36,12.29972972972973,4.45045045045045,medium,148.0
9646c3513289980f17226a2fc4720dbd,69,2964.4,11.20072463768116,4.449275362318841,low,132.0
75fbb52eda0cbc24f479d3b2fbfa8d3e,38,1094.19,13.753421052631579,4.447368421052632,low,211.0
8a130737016f838139d31878787a39c9,56,4222.03,10.188928571428573,4.446428571428571,medium,79.0
8ae520247981aa06bc94abddf5f46d34,65,16320.99,10.978923076923078,4.446153846153846,high,71.0
aba1721a889e04decc910aa13b768ef4,83,14103.3,9.32590361445783,4.445783132530121,high,20.0
ffc470761de7d0232558ba5e786e57b7,27,1529.13,9.739259259259258,4.444444444444445,low,80.0
325f3178fb58e2a9778334621eecdbf9,36,981.6999999999999,6.405,4.444444444444445,low,9.0
febab0275244b9a49a623f0bd613ca2f,106,7094.82,8.647830188679245,4.443396226415095,medium,28.0
edb1ef5e36e0c8cd84eb3c9b003e486d,165,79144.9,11.897636363636362,4.442424242424242,high,108.0
25e6ffe976bd75618accfe16cefcbd0d,105,11432.62,10.083238095238094,4.438095238095238,high,42.0
7e26c750b4cb9f6766f58265ff9ebe95,23,1344.3,9.229565217391304,4.434782608695652,low,62.0
0ea22c1cfbdc755f86b9b54b39c16043,226,10347.9,10.934159292035398,4.433628318584071,high,68.0
c8b3445d737de6befde0c88ede534a5e,30,3149.04,11.699333333333334,4.433333333333334,low,150.0
eeb6de78f79159600292e314a77cbd18,81,43291.84,12.101851851851851,4.432098765432099,high,112.0
1eade46fba20122dc4aefb379f8c636b,58,3635.37,12.374137931034484,4.431034482758621,low,164.0
612170e34b97004b3ba37eae81836b4c,107,23065.02,10.987943925233646,4.429906542056075,high,72.0
7299e27ed73d2ad986de7f7c77d919fa,335,34107.44,11.298089552238807,4.429850746268657,high,85.0
323ce52b5b81df2cd804b017b7f09aa7,28,2294.4,16.413214285714286,4.428571428571429,low,250.0
31344c16881c08a8a72c6d2eb29918c1,42,9365.8,15.69547619047619,4.428571428571429,medium,238.0
3d5d0dc7073a299e31fa718ce1bc00b6,21,674.8,8.492380952380952,4.428571428571429,low,46.0
bf00385a5f7fc1ef39a13c2e9ee50a5f,28,855.4,5.7725,4.428571428571429,low,4.0
0d33a55da925bbf1ff02af5f6059fc7f,21,519.3,8.200476190476191,4.428571428571429,low,42.0
1b938a7ec6ac5061a66a3766e0e75f90,28,3800.9,11.120357142857143,4.428571428571429,low,130.0
b372ee768ed69e46ca8cdbd267aa7a38,63,12665.0,12.494603174603174,4.428571428571429,high,128.0
d57e18d5f73c7ccb7f7339b61166898d,61,3187.7,9.21327868852459,4.426229508196721,low,61.0
aced59e9b31ef866a94f9e7f29d8d418,61,7268.5,9.737049180327869,4.426229508196721,medium,58.0
2dee2ce60de9709b1a24083217181a1f,54,7784.5,14.143333333333333,4.425925925925926,medium,212.0
f41ce2e25237f9092cd8e6e7516c7a2f,26,1961.9,8.769615384615385,4.423076923076923,low,54.0
77a515caa36327151d1cc6c32a9f00e1,26,2217.39,10.337692307692306,4.423076923076923,low,103.0
ba90964cff9b9e0e6f32b23b82465f7b,38,44212.5,10.01842105263158,4.421052631578948,high,40.0
78c99c6dff4eeae5be99bf635ed21e3f,31,2030.88,13.445806451612903,4.419354838709677,low,200.0
57e632711dec9ec14ca7546769483e7e,62,6439.96,10.925161290322581,4.419354838709677,medium,107.0
9baf5cb77970f539089d09a38bcec5c3,31,5989.68,15.171612903225807,4.419354838709677,medium,231.0
7b07b3c7487f0ea825fc6df75abd658b,91,9259.47,9.585604395604395,4.417582417582418,medium,53.0
7ecd59e5e20407131822c1a68ac59c1f,24,1466.71,17.2075,4.416666666666667,low,255.0
3586b8580d9c917874e053a1bb37b5ff,36,1524.6999999999998,13.62,4.416666666666667,low,206.0
a3f0b55de503387383c7b1de3ad7f678,24,4348.400000000001,10.704583333333332,4.416666666666667,medium,99.0
3504c0cb71d7fa48d967e0e4c94d59d9,53,2349.94,7.327547169811321,4.415094339622642,low,17.0
8bb48dc19fccaa8613b6229bf7f452a2,82,4215.12,11.475731707317074,4.414634146341464,medium,120.0
26d8a1c7c75d513045798992ead43aa2,34,5937.13,12.723235294117647,4.411764705882353,medium,164.0
fc906263ca5083d09dce42fe02247800,112,4417.9,9.400089285714285,4.410714285714286,medium,48.0
d23019c84ffae2d5ef2270367b8605fc,39,29205.1,11.277948717948718,4.410256410256411,high,84.0
33a6f4b1e7cdc205511e76ba1b6e0186,105,10295.01,8.502190476190476,4.40952380952381,high,9.0
4da0e408c99d2fdc2126dc9fce518060,44,3183.7000000000003,9.280909090909091,4.409090909090909,low,64.0
730937bf88cb151eb2eb849f642fc213,22,2821.2,6.471818181818182,4.409090909090909,low,10.0
503c1de08ae81a2d86f17951b204db55,22,4906.99,13.489090909090908,4.409090909090909,medium,194.0
5670f4db5b62c43d542e1b2d56b0cf7c,22,6630.09,8.533181818181818,4.409090909090909,medium,23.0
5f5b43b2bffa8656e4bc6efeb13cc649,27,3677.2,13.945925925925927,4.407407407407407,low,219.0
5f1dc28029d2c244352a68107ec2b542,59,2710.4,9.554745762711864,4.406779661016949,low,75.0
643214e62b870443ccbe55ab29a4dccf,64,3197.23,9.62625,4.40625,low,77.0
aafe36600ce604f205b86b5084d3d767,129,9251.4,12.49875968992248,4.403100775193798,medium,154.0
87142160b41353c4e5fca2360caf6f92,303,31061.08,10.93957095709571,4.402640264026402,high,69.0
b2ac621f0d0322434d04a12b078b9369,30,9575.5,14.671,4.4,medium,225.0
058fd0aa2bfdb2274e05e1ae971dabb6,60,7549.9,10.141666666666667,4.4,medium,77.0
bd4889b5e9133b35b66e42a8665cea5c,35,6119.0,10.537428571428572,4.4,medium,92.0
1e8b33f18b4f7598d87f5cbee2282cc2,120,17071.760000000002,7.841166666666667,4.4,high,4.0
fe2032dab1a61af8794248c8196565c9,288,64445.81,10.599444444444444,4.399305555555555,high,56.0
ef0ace09169ac090589d85746e3e036f,128,16105.400000000001,12.821640625,4.3984375,high,143.0
a3a38f4affed601eb87a97788c949667,246,25819.84,12.502317073170733,4.3983739837398375,high,129.0
70eea00b476a314817cefde4aad4f89a,103,30894.95,13.320873786407766,4.398058252427185,high,167.0
91f848e9f4be368f4318775aac733370,58,5483.62,9.991896551724137,4.396551724137931,medium,70.0
381c83fdca332ea6afd896da20bf6e4a,46,7355.8,12.691739130434783,4.391304347826087,medium,163.0
0ed6ce5d87fd9c69eaacaeb778d67235,41,2011.53,15.209756097560977,4.390243902439025,low,240.0
c6bda72e4dbf5c5866b13cb1810c6d03,59,14059.380000000001,10.20728813559322,4.389830508474576,high,48.0
7b0df942f46435babab05d49b744b2c4,31,21311.91,10.998709677419354,4.387096774193548,high,73.0
ccf8813e5a7d6c84d865cd38bfc2b130,26,2635.5,11.431153846153846,4.384615384615385,low,137.0
20d83f3ef0e6925fd74bfd59170babf7,39,2863.7,8.949230769230768,4.384615384615385,low,56.0
c70c1b0d8ca86052f45a432a38b73958,255,35566.32,8.125764705882354,4.3843137254901965,high,8.0
0df3984f9dfb3d49ac6366acbd3bbb85,86,9891.49,9.546279069767442,4.383720930232558,high,24.0
d12c926d74ceff0a90a21184466ce161,76,3850.2799999999997,8.724605263157896,4.381578947368421,low,52.0
6edacfd9f9074789dad6d62ba7950b9c,205,13016.3,9.093317073170732,4.380487804878049,high,14.0
01fdefa7697d26ad920e9e0346d4bd1b,127,14712.630000000001,10.775590551181102,4.377952755905512,high,62.0
2a84855fd20af891be03bc5924d2b453,154,14970.1,8.622272727272726,4.376623376623376,high,10.0
f62d7bb4a613ec758a03342d46b580b2,32,24665.0,13.8725,4.375,high,177.0
2e13c71026e1a39ba5cc1b86dcb679aa,24,3793.0,10.57375,4.375,low,112.0
3340ef1913fb70d28420f6ceb685c339,32,6731.150000000001,16.7134375,4.375,medium,244.0
2199e7fe213c16213bf5d6a7eadc9a5d,24,3767.29,10.777916666666668,4.375,low,116.0
fa1c13f2614d7b5c4749cbc52fecda94,574,189649.54,13.276811846689895,4.372822299651568,high,163.0
1838dd9b8977065acf51d95e0053ea7a,62,2750.5,12.791290322580647,4.370967741935484,low,177.0
dee656f0f566ed1aa85bd137c943f08f,92,6212.08,12.595,4.369565217391305,medium,159.0
d650b663c3b5f6fb392b6326366efa9a,57,18335.9,9.836842105263159,4.368421052631579,high,34.0
282f23a9769b2690c5dda22e316f9941,98,6464.28,11.22173469387755,4.36734693877551,medium,114.0
0241d4d5d36f10f80c644447315af0bd,235,31062.7,10.874170212765957,4.365957446808511,high,67.0
2b3e4a2a3ea8e01938cabda2a3e5cc79,52,23629.15,8.77576923076923,4.365384615384615,high,11.0
9f505651f4a6abe901a56cdc21508025,389,25715.88,8.093213367609254,4.365038560411311,high,7.0
08633c14ef2db992c11f840f04fad4cd,74,7644.3,9.95608108108108,4.364864864864865,medium,67.0
7e93a43ef30c4f03f38b393420bc753a,318,165751.5,11.221603773584905,4.364779874213837,high,82.0
5160d23075764e18e07c1f4a87fad743,33,2359.0,9.303939393939395,4.363636363636363,low,66.0
54a1852d1b8f10312c55e906355666ee,196,16806.47,11.558163265306122,4.362244897959184,high,95.0
4b9750c8ad28220fe6702d4ecb7c898f,216,15766.5,9.339351851851852,4.361111111111111,high,21.0
5debea795b07621e1f90532e18f96145,25,1883.78,10.3472,4.36,low,104.0
c0563dd588b775f2e37747ef6ad6c92c,28,3697.2000000000003,10.859285714285715,4.357142857142857,low,122.0
8c16d1f32a54d92897cc437244442e1b,107,5244.6,11.028130841121495,4.355140186915888,medium,109.0
42bde9fef835393bb8a8849cb6b7f245,34,7574.0,10.37205882352941,4.352941176470588,medium,88.0
1d4587203296c8f4ad134dc286fa6db0,40,2287.5,9.46325,4.35,low,72.0
259f7b5e6e482c230e5bfaa670b6bb8f,135,8333.24,8.696444444444444,4.348148148148148,medium,30.0
fd386aa7bed2af3c7035c65506c9b4a3,69,2304.15,8.562463768115942,4.3478260869565215,low,47.0
06df0c10d34e459d9672bc77388742eb,26,9070.0,10.082307692307692,4.346153846153846,medium,74.0
7d456afc660226829370f3173d14520c,55,8456.25,8.502545454545455,4.345454545454546,medium,21.0
3361277dc30b7cccdb0c286b24219756,29,3905.05,13.247241379310346,4.344827586206897,low,195.0
240b9776d844d37535668549a396af32,35,13332.09,11.35742857142857,4.3428571428571425,high,89.0
b561927807645834b59ef0d16ba55a24,85,4501.99,12.612235294117646,4.341176470588235,medium,160.0
6b90f847357d8981edd79a1eb1bf0acb,44,3258.08,5.581818181818182,4.340909090909091,low,2.0
530ec6109d11eaaf87999465c6afee01,94,12682.11,10.851702127659575,4.340425531914893,high,66.0
17f51e7198701186712e53a39c564617,56,48019.0,23.242142857142856,4.339285714285714,high,263.0
1554a68530182680ad5c8b042c3ab563,242,28457.55,14.102975206611571,4.338842975206612,high,185.0
cab85505710c7cb9b720bceb52b01cee,198,10944.8,10.08510101010101,4.338383838383838,high,43.0
d98eec89afa3380e14463da2aabaea72,166,6893.55,8.363012048192772,4.337349397590361,medium,19.0
80e6699fe29150b372a0c8a1ebf7dcc8,95,11017.16,11.488105263157893,4.336842105263158,high,94.0
3f3486b61f45078d4f31ee5e43d8c5bb,39,3769.73,13.880769230769232,4.333333333333333,low,214.0
cb8bcce248bb1fb274ba762d8b971456,66,9152.4,12.631212121212121,4.333333333333333,medium,162.0
bd697db56ff8e7c9cd1abeb7f72029b2,21,2869.79,10.884285714285713,4.333333333333333,low,123.0
a5a1bfcf728ab0e19182959cf0771ee4,21,1812.96,13.414285714285715,4.333333333333333,low,197.0
f680f85bee2d253556ac91be391d2c82,45,5183.92,9.749333333333333,4.333333333333333,medium,59.0
34d1ca11b242c0fee2c834ae8d788566,39,12841.97,12.775384615384615,4.333333333333333,high,140.0
1f1bb1f0859883505541bdd6606193e5,27,16040.84,13.977777777777776,4.333333333333333,high,180.0
640e21a7d01df7614a3b4923e990d40c,115,7528.89,10.31991304347826,4.3304347826086955,medium,87.0
9616352088dcf83a7c06637f4ebf1c80,91,5643.099999999999,12.43967032967033,4.329670329670329,medium,151.0
e333046ce6517bd8bb510291d44f0130,67,7159.0,10.094029850746267,4.3283582089552235,medium,76.0
25cf099de44674fde97473224f9d59ab,49,1644.36,9.499183673469389,4.326530612244898,low,73.0
406822777a0b9eb5c50e442dd4cd3ec5,43,3488.19,12.939767441860464,4.325581395348837,low,187.0
83deb69e889cf80f82be1dc6d5f2d486,40,5363.01,15.945249999999998,4.325,medium,240.0
c9aafcd0621b2207c10e32c649cada4d,40,2671.26,8.712250000000001,4.325,low,50.0
14d7985702e72162bbf13b6beb74ab2b,37,3887.0,11.057837837837837,4.324324324324325,low,129.0
bacb1f0ed56ad24198f5810d2b3fe9a5,37,5859.150000000001,9.877027027027026,4.324324324324325,medium,62.0
b90e891671cffd9557f33a97dc523645,34,4449.0,7.635882352941176,4.323529411764706,medium,8.0
dbc22125167c298ef99da25668e1011f,392,32788.22,11.417576530612244,4.321428571428571,high,90.0
37be5a7c751166fbc5f8ccba4119e043,260,53362.56,10.671076923076923,4.319230769230769,high,58.0
bfd27a966d91cfaafdb25d076585f0da,113,19180.0,12.474070796460177,4.31858407079646,high,126.0
abcd2cb37d46c2c8fb1bf071c859fc5b,44,4817.32,13.893181818181818,4.318181818181818,medium,208.0
b8bc237ba3788b23da09c0f1f3a3288c,44,13426.710000000001,11.626818181818182,4.318181818181818,high,98.0
e9511df20ccd82658a30c37b7fb343af,22,2096.6,9.758181818181818,4.318181818181818,low,81.0
d624126b9206f595fb3fbb6ba03b28a8,22,6838.9,11.455,4.318181818181818,medium,119.0
e63e8bfa530fb16910dd6956e592bb81,41,1282.8,9.378780487804878,4.317073170731708,low,69.0
23c38debaffe4a25a30fdbd9b586a13f,41,5382.18,11.482682926829268,4.317073170731708,medium,121.0
05ff92fedb5be47920fea08e501238b9,57,21235.98,12.337719298245615,4.315789473684211,high,120.0
113e3a788b935f48aad63e1c41dac1bd,38,838.03,13.096052631578948,4.315789473684211,low,190.0
8581055ce74af1daba164fdbd55a40de,377,64081.52,13.069707446808511,4.315649867374005,high,154.0
ccc4bbb5f32a6ab2b7066a4130f114e3,181,71877.02,15.852872928176795,4.314917127071824,high,235.0
11305281b50fff20ae8bb473f8e11876,35,6528.7,13.579142857142857,4.314285714285714,medium,199.0
81a1104df0f08b59c68aa5b03cfe398e,70,8988.18,13.029428571428571,4.314285714285714,medium,172.0
de23c3b98a88888289c6f5cc1209054a,160,25823.68,10.8335,4.3125,high,65.0
670c26e0f1bf8d0576271d5cfaec6d2b,77,6250.1,14.281818181818183,4.311688311688312,medium,214.0
e7df4cd29ab5abab70fb0783ddb53987,23,9608.699999999999,10.156956521739131,4.304347826086956,high,45.0
ff063b022a9a0aab91bad2c9088760b7,92,11878.5,9.381521739130434,4.304347826086956,high,22.0
3078096983cf766a32a06257648502d1,56,7910.84,12.068035714285715,4.303571428571429,medium,141.0
de722cd6dad950a92b7d4f82673f8833,336,54976.4,12.619761904761905,4.303571428571429,high,132.0
e0a366315b1b726b6c7832d664c0f530,43,7400.09,7.975348837209302,4.3023255813953485,medium,10.0
620c87c171fb2a6dd6e8bb4dec959fc6,712,111092.8,12.846179775280898,4.301966292134831,high,144.0
750303a20e9c56b2a6bc45cdce0b897d,53,7876.0,14.10377358490566,4.30188679245283,medium,211.0
cfe94489ddd337d1e29e12f2a7205d10,20,2376.0,6.9215,4.3,low,13.0
e8b4225284fbb02d16f200513f1f395d,30,5638.62,10.222000000000001,4.3,medium,80.0
1fe5540d7c1c37a595fefbacd5570d9e,20,4537.6,11.861500000000001,4.3,medium,134.0
b74d1c09cb380e1d03a6f859c6f4224b,30,2174.61,10.780666666666667,4.3,low,117.0
850f4f8af5ea87287ac68de36e29107f,181,43449.39,10.124088397790056,4.298342541436464,high,44.0
994f04b3718c2bab35c2adfa8afecd2a,47,3289.8,14.034893617021277,4.297872340425532,low,223.0
b94cc9f10ddc85e4ba73a6f7974e7101,37,24096.3,10.237567567567568,4.297297297297297,high,49.0
0bae85eb84b9fb3bd773911e89288d54,136,7433.5599999999995,10.27889705882353,4.294117647058823,medium,84.0
ec8879960bd2221d5c32f8e12f7da711,34,3827.6000000000004,16.320588235294117,4.294117647058823,low,248.0
827f8f69dfa529c561901c4f2e0f332f,89,3348.5899999999997,13.425393258426965,4.292134831460674,low,198.0
048c2757535328e0d7dac690ad3c0aae,48,8707.48,17.80125,4.291666666666667,medium,253.0
c8417879a15366a17c30af34c798c332,24,1715.0,8.737916666666667,4.291666666666667,low,53.0
00ee68308b45bc5e2660cd833c3f81cc,132,20049.0,9.6325,4.287878787878788,high,29.0
52f9db5cfb423382a2fa5c9e39303202,21,1218.78,10.174285714285714,4.285714285714286,low,96.0
520b493b57809f446cb0a233bb3e25c7,63,3713.9,7.682222222222222,4.285714285714286,low,27.0
e6a69c4a27dfdd98ffe5aa757ad744bc,21,508.51,10.744285714285715,4.285714285714286,low,114.0
9596c870880d900012f2e8e6e30d06d7,21,7625.35,13.833809523809524,4.285714285714286,medium,206.0
30a2f535bb48308f991d0b9ad4a8c4bb,71,4781.2,8.21112676056338,4.28169014084507,medium,16.0
8bd0f31cf0a614c658f6763bd02dea69,32,4373.34,10.0921875,4.28125,medium,75.0
fad44952713764836814be105382aee5,32,5129.0,10.79375,4.28125,medium,103.0
8f119a0aee85c0c8fc534629734e94fd,75,3578.88,10.047066666666666,4.28,low,88.0
916748bc99315c2d202898ae58b1617e,25,369.40000000000003,10.4724,4.28,low,107.0
7008613ea464bad5cb9b83456e1e6a8f,122,7509.2,14.295819672131147,4.278688524590164,medium,216.0
5cbbd5a299cab112b7bf23862255e43e,36,2726.06,10.853611111111112,4.277777777777778,low,121.0
d6b1ce66b035a475f00c017792ff9769,90,12067.6,10.162333333333333,4.277777777777778,high,46.0
4c498c7345e89aebad651544829beca0,47,4570.27,10.828936170212767,4.276595744680851,medium,104.0
cb3dd9ce66268c7a3ca7241ac70ab58c,47,2688.33,14.026382978723404,4.276595744680851,low,222.0
59fb871bf6f4522a87ba567b42dafecf,123,21178.600000000002,11.998943089430893,4.276422764227642,high,109.0
7a67c85e85bb2ce8582c35f2203ad736,1137,138868.75,11.172066842568162,4.276165347405453,high,79.0
a1043bafd471dff536d0c462352beb48,700,99011.23,13.669257142857143,4.275714285714286,high,176.0
1a3df491d1c4f1589fc2b934ada68bf2,160,22607.3,14.8426875,4.275,high,214.0
f214d28e8d8e3ef068748498ccc2f813,51,2117.44,10.389411764705883,4.2745098039215685,low,106.0
b1a81260566c1bac3114a6d124413f27,51,8684.69,8.56549019607843,4.2745098039215685,medium,24.0
f5a590cf36251cf1162ea35bef76fe84,113,51232.78,11.744778761061948,4.274336283185841,high,102.0
46dc3b2cc0980fb8ec44634e21d2718e,497,120866.45,11.890623742454729,4.27364185110664,high,107.0
afe0067131b73e40875c9b6c10bd2e21,44,4950.6,15.590227272727274,4.2727272727272725,medium,236.0
dbb9b48c841a0e39e21f98e1a6b2ec3e,108,7186.85,9.817592592592591,4.268518518518518,medium,61.0
382229d1e840115ffe3dbf5ff460e417,45,4037.06,9.3,4.266666666666667,low,65.0
6b243f80ed07b10f0e8aa0f21a205f3c,79,6260.1,11.161645569620253,4.265822784810126,medium,112.0
669ae81880e08f269a64487cfb287169,160,13148.87,12.2120625,4.2625,high,115.0
e59aa562b9f8076dd550fcddf0e73491,69,30716.3,14.03376811594203,4.260869565217392,high,183.0
f8db351d8c4c4c22c6835c19a46f01b0,653,49732.2,9.886324655436448,4.2603369065849925,high,35.0
0885aaf116795758dfeb5f1032487bcd,27,2573.1000000000004,5.993333333333333,4.2592592592592595,low,5.0
e9779976487b77c6d4ac45f75ec7afe9,639,41872.94,9.783067292644757,4.256651017214398,high,31.0
1b4c3a6f53068f0b6944d2d005c9fc89,110,14321.5,14.586818181818181,4.254545454545455,high,204.0
3bdff180c7e1f6551a643b99c265a120,55,2958.3,10.129636363636363,4.254545454545455,low,93.0
f7720c4fa8e3aba4546301ab80ea1f1b,59,2075.45,10.994237288135592,4.254237288135593,low,127.0
17a053fcb14bd219540cbde0df490be0,122,39733.439999999995,11.79237704918033,4.254098360655738,high,103.0
f0b47fbbc6dee9aafe415a6e33051b3f,67,3766.92,10.125671641791044,4.253731343283582,low,92.0
94144541854e298c2d976cb893b81343,67,16855.280000000002,12.722238805970148,4.253731343283582,high,138.0
17e34d8224d27a541263c4c64b11a56b,245,51453.19,14.249877551020408,4.253061224489796,high,189.0
1c129092bf23f28a5930387c980c0dfc,199,9482.72,11.71321608040201,4.251256281407035,medium,128.0
a2e874074c877c5a05abae80ad6e488f,40,7355.0,19.2375,4.25,medium,260.0
624f4ece8da4aafb77699233d480f8ef,52,9046.0,13.627307692307692,4.25,medium,200.0
6288c69c4ce638e59925e59193f98b16,20,4196.8,9.6125,4.25,medium,54.0
432c37c9dfba871172ec162e20118b8c,44,2679.87,14.598409090909092,4.25,low,233.0
f84fa566034f5e8e880a07ec624c56af,89,4993.91,11.963370786516855,4.247191011235955,medium,137.0
d50d79cb34e38265a8649c383dcffd48,69,12892.43,13.20463768115942,4.246376811594203,high,160.0
6ec1a01e866584bb679eb9b098345919,29,3852.9300000000003,12.862758620689654,4.241379310344827,low,182.0
6d803cb79cc31c41c4c789a75933b3c7,58,8711.4,13.296551724137931,4.241379310344827,medium,181.0
1464afc72f696af775557a821c2e253f,29,1059.36,11.551379310344828,4.241379310344827,low,141.0
537eb890efff034a88679788b647c564,158,4617.9,9.141075949367089,4.2405063291139244,medium,42.0
73a63f72308aa20a46f4b1632018f196,25,7473.95,11.677999999999999,4.24,medium,125.0
15aac934c58d886785ac1b17953ea898,25,4353.9,14.308399999999999,4.24,medium,217.0
2e1c9f22be269ef4643f826c9e650a52,159,12089.75,9.887924528301888,4.238993710691824,high,37.0
c013e57c075a06e5b5c48ee03c525719,42,1971.55,9.19047619047619,4.238095238095238,low,60.0
412a4720f3e9431b4afa1476a1acddbe,21,2058.1,10.53,4.238095238095238,low,109.0
85d9eb9ddc5d00ca9336a2219c97bb13,492,14961.84,14.659430894308942,4.235772357723577,high,208.0
70c27847eca8195c983ed7e798c56743,77,12077.52,11.206883116883116,4.233766233766234,high,81.0
ebd2d60905fb58271facef5596b620d3,82,7713.02,12.99231707317073,4.2317073170731705,medium,171.0
8d956fec2e4337affcb520f56fd8cbfd,209,10971.69,9.269808612440192,4.229665071770335,high,17.0
4e17c65a516f69d023a2ae78b84f28d6,61,7639.26,13.331475409836067,4.229508196721311,medium,185.0
562fc2f2c2863ab7e79a9e4388a58a14,253,8599.27,11.273715415019764,4.229249011857707,medium,116.0
05f51e13da97139648b8125c31e5f51b,57,13100.31,12.50736842105263,4.228070175438597,high,130.0
7722b1df1b0e383e000397b2c11e3e19,132,7019.7,8.38719696969697,4.2272727272727275,medium,20.0
900ba814c251a692506d7834c1218441,84,27826.350000000002,12.33047619047619,4.226190476190476,high,119.0
4830e40640734fc1c52cd21127c341d4,204,9550.48,9.976470588235294,4.2254901960784315,medium,68.0
b4ffb71f0cb1b1c3d63fad021ecf93e1,142,6666.69,10.147394366197183,4.225352112676056,medium,78.0
4d6d651bd7684af3fffabd5f08d12e5a,360,42988.4,13.031805555555556,4.225,high,152.0
9add47bf45ce8e8c7db6b9cf670b1e09,40,4546.54,12.03575,4.225,medium,139.0
ce248b21cb2adc36282ede306b7660e5,63,13480.289999999999,15.687460317460317,4.222222222222222,high,231.0
57c764b4a836300be881e2ff86e449f9,27,1146.2,14.82,4.222222222222222,low,236.0
cbd996ad3c1b7dc71fd0e5f5df9087e2,154,7699.64,12.92292207792208,4.220779220779221,medium,168.0
86ccac0b835037332a596a33b6949ee1,177,15919.12,12.07909604519774,4.220338983050848,high,111.0
f7ba60f8c3f99e7ee4042fdef03b70c4,218,68130.0,13.405917431192659,4.220183486238532,high,171.0
3d8fa2f5b647373c8620330c4e077a9f,41,3350.73,9.075609756097561,4.219512195121951,low,58.0
b76dba6c951ab00dc4edf0a1aa88037e,155,2523.33,10.324193548387097,4.219354838709678,low,102.0
128639473a139ac0f3e5f5ade55873a5,520,11626.55,14.356153846153846,4.219230769230769,high,197.0
9b013e03b2ab786505a1d3b5c0756754,169,8591.61,8.598047337278107,4.218934911242603,medium,26.0
76d64c4aca3a7baf218bf93ef7fa768d,64,16911.8,10.97453125,4.21875,high,70.0
1b8356dabde1d35e17cef975c3f82730,55,3366.4,10.54018181818182,4.218181818181818,low,110.0
c731d18cea9bf687ffee82a241c25b11,23,3525.0,7.642173913043479,4.217391304347826,low,26.0
cea729054f157f5870bdd321a958d994,23,2296.2,7.132173913043478,4.217391304347826,low,16.0
a416b6a846a11724393025641d4edd5e,157,24930.24,12.492675159235668,4.2165605095541405,high,127.0
d94a40fd42351c259927028d163af842,97,13402.5,13.948865979381443,4.216494845360825,high,178.0
729f06993dac8e860d4f02d7088ca48a,93,19485.28,11.694193548387096,4.21505376344086,high,101.0
7681ef142fd2c19048da7430856b5588,56,31093.81,10.181607142857143,4.214285714285714,high,47.0
b32be1695eb7ec5f10f72d9610a12527,42,25577.0,12.468095238095238,4.214285714285714,high,125.0
b18dc380845b24038cfc48006478f099,42,7554.07,12.755952380952381,4.214285714285714,medium,165.0
b499c00f28f4b7069ff6550af8c1348a,145,9946.22,11.260551724137931,4.213793103448276,high,83.0
daeb5653dd96c1b11860f72209795012,38,1908.8999999999999,11.65,4.2105263157894735,low,148.0
3f995f07c49d0d55a99d5c54957f7d81,43,3955.7,9.594883720930232,4.209302325581396,low,76.0
f3b80352b986ab4d1057a4b724be19d0,86,9815.1,10.455697674418605,4.209302325581396,high,54.0
b83cedfb587e7911540e3f576d6917ce,24,2224.95,10.15875,4.208333333333333,low,95.0
31da954dc0855f2495c6310f70a2f931,29,4583.0,8.17344827586207,4.206896551724138,medium,13.0
056b4ada5bbc2c50cc7842547dda6b51,63,12073.41,12.634444444444444,4.2063492063492065,high,133.0
0db783cfcd3b73998abc6e10e59a102f,131,9040.5,11.626717557251908,4.206106870229007,medium,124.0
33ac3e28642ab8bda860a2f693000e78,34,3661.03,8.722058823529412,4.205882352941177,low,51.0
e26901d5ab434ce92fd9b5c256820a4e,197,11601.5,9.289340101522843,4.2030456852791875,high,19.0
b33e7c55446eabf8fe1a42d037ac7d6d,149,44215.17,16.277181208053694,4.201342281879195,high,244.0
955fee9216a65b617aa5c0531780ce60,1252,130693.82,10.749424920127796,4.2004792332268375,high,60.0
8ab42aa58097fd4668d60cc648225d5f,20,2616.75,10.36,4.2,low,105.0
8fdca8e349553f99bc738833a62c8802,20,881.85,10.906,4.2,low,124.0
0d85bbda9889ce1f7e63778d24f346eb,50,4143.8,15.2674,4.2,medium,232.0
ceaec5548eefc6e23e6607c5435102e7,195,50838.19,12.915641025641026,4.2,high,147.0
4e7c18b98d84e05cbae3ff0ff03846c2,80,9169.9,12.105,4.2,medium,143.0
c847e075301870dd144a116762eaff9a,40,14048.900000000001,16.429499999999997,4.2,high,245.0
3c487ae8f8d7542beff5788e2e0aea83,30,9385.699999999999,13.741666666666667,4.2,medium,203.0
b2ba3715d723d245138f291a6fe42594,320,47307.58,14.0380625,4.2,high,184.0
fdb9095204a334cd8872252ffec6f2db,46,8156.0,8.720217391304347,4.195652173913044,medium,32.0
3bb548e3cb7f70f28e3f11ee9dce0e59,46,7690.02,10.904782608695653,4.195652173913044,medium,106.0
7dc8c42cc750eeafea6c85712ffee9bf,41,6409.68,9.151219512195121,4.195121951219512,medium,43.0
32b8764b4ef628b53608fc34011fcc13,36,8884.0,11.231944444444444,4.194444444444445,medium,115.0
3d871de0142ce09b7081e2b9d1733cb1,1050,92207.0,13.50307619047619,4.193333333333333,high,173.0
8090490573c6c0aa343a7231ebcb8c86,26,3871.1200000000003,10.09153846153846,4.1923076923076925,low,91.0
8a432f4e5b471f8da497d7dc517666e2,94,7445.0,7.663510638297873,4.191489361702128,medium,9.0
53243585a1d6dc2643021fd1853d8905,345,215692.04,13.333217391304348,4.191304347826087,high,168.0
1127b7f2594683f2510f1c2c834a486b,110,6669.7,9.351727272727274,4.1909090909090905,medium,47.0
7e1fb0a3ebfb01ffb3a7dae98bf3238d,153,25703.53,15.412418300653593,4.189542483660131,high,228.0
7ea5bfa6c340f58f8e71fc1f0412b0d6,95,10713.42,12.43042105263158,4.189473684210526,high,122.0
4559697a8f7e637227c2eeaed843baff,37,3416.4,12.99945945945946,4.1891891891891895,low,189.0
3ade81dab5a172b88e1871c28ae05260,27,5204.6,14.345925925925926,4.185185185185185,medium,219.0
271c58a1d139c45eaf3316107c6d3a3b,27,3597.63,13.155925925925926,4.185185185185185,low,192.0
3db66a856d18a9cba7c9241fc5221c50,92,9408.4,16.1225,4.184782608695652,medium,241.0
6a8b085f816a1f75f92dbac6eb545f8f,125,5884.17,14.68824,4.184,medium,226.0
05d2173d43ea568aa0540eba70d2ca76,60,5554.68,14.459666666666667,4.183333333333334,medium,222.0
aac29b1b99776be73c3049939652091d,93,6578.6,14.910215053763439,4.182795698924731,medium,228.0
da8622b14eb17ae2831f4ac5b9dab84a,1286,157517.97,11.10715396578538,4.181959564541213,high,77.0
093805f8f2aeb63881444571e1f48f30,22,1215.79,8.274090909090908,4.181818181818182,low,43.0
efcd8d2104f1a05d028af7bad20d974b,44,2324.81,10.149090909090908,4.181818181818182,low,94.0
58f1a6197ed863543e0136bdedb3fce2,44,6833.0,10.302380952380952,4.181818181818182,medium,85.0
13d058e4eeac2ce8217660b2f8a05812,22,3739.78,11.40409090909091,4.181818181818182,low,136.0
ce27a3cc3c8cc1ea79d11e561e9bebb6,116,6911.56,10.07853448275862,4.181034482758621,medium,73.0
f262cbc1c910c83959f849465454ddd3,188,10144.87,9.021382978723404,4.180851063829787,high,12.0
218d46b86c1881d022bce9c68a7d4b15,374,52215.38,13.958342245989305,4.176470588235294,high,179.0
9c0e69c7bf2619675bbadf47b43f655a,148,31843.69,14.717972972972975,4.175675675675675,high,211.0
41b39e28db005d9731d9d485a83b4c38,183,16157.050000000001,12.218032786885246,4.174863387978142,high,116.0
6426d21aca402a131fc0a5d0960a3c90,23,1209.64,10.96391304347826,4.173913043478261,low,125.0
8b2492b7ff4468839593fafeed55bad9,29,3660.08,12.439655172413794,4.172413793103448,low,167.0
bd0389da23d89b726abf911cccc54596,87,7472.160000000001,13.634827586206896,4.172413793103448,medium,201.0
0691148aee60ca47977c187804f935ae,47,5868.51,11.940425531914894,4.170212765957447,medium,136.0
5a8e7d5003a1f221f9e1d6e411de7c23,136,10962.2,10.247279411764707,4.169117647058823,high,50.0
ce7d1888639e6fb06b2749cbfdac1ff7,78,11793.89,14.550897435897436,4.166666666666667,high,203.0
2bf6a2c1e71bbd29a4ad64e6d3c3629f,30,50628.9,13.650666666666666,4.166666666666667,high,175.0
8cbac7e12637ed9cffa18c7875207478,66,2955.98,13.940151515151515,4.166666666666667,low,218.0
974cf2cb8f4b7add98709c30df02fe10,30,2694.7,11.270000000000001,4.166666666666667,low,133.0
7e3f87d16fb353f408d467e74fbd8014,91,4653.09,12.572637362637362,4.164835164835165,medium,157.0
a17f621c590ea0fab3d5d883e1630ec6,61,2607.6,11.658688524590165,4.163934426229508,low,149.0
db4350fd57ae30082dec7acbaacc17f9,135,3282.33,10.775703703703703,4.162962962962963,low,115.0
5b8154610ebb21fb90eb587365e673df,37,9048.050000000001,13.051081081081081,4.162162162162162,medium,173.0
6481e96574816ead57975da2c0f6d80d,31,3284.9,6.9877419354838715,4.161290322580645,low,15.0
01fd077212124329bac32490e8ef80d9,31,1208.0,8.15,4.161290322580645,low,40.0
4917cee8d902e13428c3ec4b1ca6f315,31,5103.9,18.07741935483871,4.161290322580645,medium,254.0
8648b1e89e9b349e32d3741b30ec737e,93,7228.75,9.046451612903226,4.161290322580645,medium,41.0
5c6d4016c2a288f074fa0848a2b653d2,31,3100.0,10.634516129032258,4.161290322580645,low,113.0
f789d2c4f2c2eb38fc4373e7a4b35264,44,4864.24,10.942272727272726,4.159090909090909,medium,108.0
e24fc9fcd865784fb25705606fe3dfe7,51,12768.0,12.579019607843136,4.1568627450980395,high,131.0
232a6014e7b10cba61c6c2b2ea6bb4b0,32,3819.9700000000003,13.5984375,4.15625,low,205.0
1da3aeb70d7989d1e6d9b0e887f97c23,256,8565.6,8.6027734375,4.15625,medium,27.0
e883aa812c37a7413226856f4579fe91,26,4097.1,9.901153846153846,4.153846153846154,medium,63.0
76d5af76d0271110f9af36c92573f765,124,30912.75,12.11241935483871,4.153225806451613,high,113.0
cc419e0650a3c5ba77189a1882b7556a,1628,100507.04,11.606965601965602,4.152948402948403,high,97.0
582d4f8675b945722eda7c0cb61ba4c7,59,4702.96,11.102542372881356,4.1525423728813555,medium,110.0
6c177e38df6d3f34182b1f1d427231bf,53,8112.89,14.409811320754718,4.150943396226415,medium,221.0
b92e3c8f9738272ff7c59e111e108d7c,60,8151.39,16.970833333333335,4.15,medium,249.0
6f892e20a171e98efe17fdb971ff319b,40,5978.1,17.13775,4.15,medium,251.0
542917da124346b47ea1ac79a93ce454,20,1341.9,11.575999999999999,4.15,low,143.0
4869f7a5dfa277a7dca6462dcf3b52b2,1114,225323.44,15.002944344703769,4.149012567324955,high,218.0
0ef83d7d83ed97cd2a0049ac8be5f88a,47,4646.02,9.707021276595745,4.148936170212766,medium,56.0
e067ad2c1c0b48758eb1b5228bcf7a68,54,5042.55,14.983518518518519,4.148148148148148,medium,229.0
f80edd2c5aaa505cc4b0a3b219abf4b8,115,8791.6,12.12104347826087,4.147826086956521,medium,144.0
98dac6635aee4995d501a3972e047414,88,4073.45,9.558636363636364,4.1477272727272725,medium,51.0
004c9cd9d87a3c30c522c48c4fc07416,149,19326.83,14.84718120805369,4.147651006711409,high,215.0
0c7533c71df861ec58ad7ff999ed0e8d,61,3043.2,10.811475409836065,4.147540983606557,low,120.0
77530e9772f57a62c906e1c21538ab82,312,45775.6,15.013910256410258,4.147435897435898,high,219.0
8f2ce03f928b567e3d56181ae20ae952,150,21113.3,14.302333333333333,4.1466666666666665,high,194.0
00fc707aaaad2d31347cf883cd2dfe10,96,12227.6,15.183437499999998,4.145833333333333,high,221.0
dc317f341ab0e22f39acbd9dbf9b4a1f,55,18988.4,12.409090909090908,4.1454545454545455,high,121.0
7a241947449cc45dbfda4f9d0798d9d0,55,7335.66,13.266545454545454,4.1454545454545455,medium,180.0
5c243662ce92d84573bfaff24c3e3700,97,32752.12,10.801030927835052,4.144329896907217,high,64.0
45d33f715e24d15a6ccf5c17b3a23e3c,56,4518.49,11.551428571428572,4.142857142857143,medium,123.0
1f50f920176fa81dab994f9023523100,1389,106443.01,15.69163426925846,4.141828653707703,high,232.0
d91fb3b7d041e83b64a00a3edfb37e4f,498,39364.14,11.19991967871486,4.140562248995984,high,80.0
2a7dc43cecabf23403078e2188437d1d,50,4416.11,12.5636,4.14,medium,156.0
b4a476fbd28de64b1e347abf9089366a,29,4084.04,12.268275862068965,4.137931034482759,medium,146.0
4bf2f4ee540798a61f9636d12cd9cc80,29,4995.56,13.562413793103449,4.137931034482759,medium,197.0
96804ea39d96eb908e7c3afdb671bb9e,37,3530.75,12.917027027027027,4.135135135135135,low,185.0
c9c7905cffc4ef9ff9f113554423e671,126,10602.18,11.002777777777776,4.134920634920635,high,74.0
966cb4760537b1404caedd472cc610a5,67,45928.26,10.041343283582089,4.134328358208955,high,41.0
9674754b5a0cb32b638cec001178f799,82,4820.59,8.234512195121951,4.134146341463414,medium,18.0
951e8cef368f09bb3f3d03c00ca4702c,60,3899.33,9.321,4.133333333333334,low,68.0
7aa4334be125fcdd2ba64b3180029f14,213,15957.15,16.033286384976527,4.131455399061033,high,239.0
2c9e548be18521d1c43cde1c582c6de8,122,5937.86,13.526311475409836,4.131147540983607,medium,195.0
06579cb253ecd5a3a12a9e6eb6bf8f47,61,4587.400000000001,9.940983606557376,4.131147540983607,medium,65.0
53e4c6e0f4312d4d2107a8c9cddf45cd,460,29483.79,12.06017391304348,4.130434782608695,high,110.0
c826c40d7b19f62a09e2d7c5e7295ee2,345,44530.05,13.236869565217392,4.130434782608695,high,161.0
72c5da29406b4234927b81855e7b64f6,31,11798.69,10.797741935483872,4.129032258064516,high,63.0
93dc87703c046b603023e75222018b45,31,7901.5,18.445483870967745,4.129032258064516,medium,259.0
4e06067cc08b3f41d837768d392c3ee3,31,941.72,10.263548387096774,4.129032258064516,low,100.0
ad420dd0c4f92f8af951ac24b86d0cf5,40,4380.29,11.724,4.125,medium,129.0
adbc26658d6c7b4b6219f9d934598091,88,11806.4,17.258636363636363,4.125,high,250.0
dfc5fb7259bb2b599ca565e6e9448f0f,33,6124.63,13.264242424242424,4.121212121212121,medium,179.0
01cf7e3d21494c41fb86034f2e714fa1,58,9229.66,11.703793103448277,4.120689655172414,medium,127.0
2e90cb1677d35cfe24eef47d441b7c87,127,13894.710000000001,12.454330708661418,4.118110236220472,high,124.0
bd23da7354813347129d751591d1a6e2,85,9695.6,9.812470588235293,4.117647058823529,high,32.0
0adac9fbd9a2b63cccaac4f8756c1ca8,103,15419.2,13.064077669902911,4.116504854368932,high,153.0
38e679b9e0064cd94c6f035707344dae,26,3560.99,11.28,4.115384615384615,low,134.0
45ba18c210d42734ec52c0c1c574e9ee,35,5099.44,7.457142857142857,4.114285714285714,medium,7.0
ececbfcff9804a2d6b40f589df8eef2b,97,6771.14,13.18082474226804,4.11340206185567,medium,175.0
817245bcc3badd82bbd222e0366951a6,27,4986.0,12.574074074074074,4.111111111111111,medium,158.0
fa1a9dec3a9940c072684a46728bf1fc,54,6554.1,14.331851851851852,4.111111111111111,medium,218.0
0176f73cc1195f367f7b32db1e5b3aa8,37,4643.2,13.247567567567568,4.108108108108108,medium,178.0
8b321bb669392f5163d04c59e235e066,925,17153.55,12.684962162162162,4.108108108108108,high,134.0
4c03b9dd4c11ee2cb35c96c49efc9420,47,6423.1,10.530212765957447,4.1063829787234045,medium,91.0
ca3bd7cd9f149df75950150d010fe4a2,66,8969.67,13.479545454545454,4.106060606060606,medium,193.0
48436dade18ac8b2bce089ec2a041202,134,11821.11,14.353432835820895,4.104477611940299,high,196.0
37515688008a7a40ac93e3b2e4ab203f,224,5872.6,15.317321428571429,4.102678571428571,medium,234.0
3b15288545f8928d3e65a8f949a28291,98,13277.85,14.190714285714286,4.1020408163265305,high,187.0
f00e21b1e91a79653163b7fd8f293ff1,30,3836.19,11.504333333333333,4.1,low,139.0
d3674f271c91f824f82d24d92011f669,20,1718.3,13.770999999999997,4.1,low,212.0
20cb7c2fde3e5bf10f0bbe7394e1c6a9,31,844.9999999999999,12.365483870967742,4.096774193548387,low,163.0
33576ec5412fb5905d876f12f33bfde6,31,2807.0,14.815483870967741,4.096774193548387,low,235.0
f27e33c6d29b5138fa9967bcd445b6d5,93,8888.3,12.06978494623656,4.096774193548387,medium,142.0
062ce95fa2ad4dfaedfc79260130565f,52,7249.3,13.564807692307692,4.096153846153846,medium,198.0
6860153b69cc696d5dcfe1cdaaafcf62,73,3785.64,9.842328767123288,4.095890410958904,low,84.0
55d3daac7c404d59e51c2aa2f4dc5a23,21,4480.6,8.713809523809525,4.095238095238095,medium,31.0
a888faf2d1baececa6baf9c3d603ee1f,53,17564.8,18.016603773584905,4.09433962264151,high,257.0
1f9ab4708f3056ede07124aad39a2554,75,13143.03,14.612533333333333,4.093333333333334,high,206.0
4b5f66b7adcf57f1ecc0d3c07dd6b177,22,6111.79,14.55409090909091,4.090909090909091,medium,223.0
066a6914e1ebf3ea95a216c73a986b91,66,8956.380000000001,13.309090909090909,4.090909090909091,medium,183.0
df56d7b40d437f88407c5f78b63bc328,22,2791.28,12.585454545454546,4.090909090909091,low,173.0
cc63f0dd2acba93ffed4fe9f8e0321fa,55,7096.71,8.998545454545456,4.090909090909091,medium,40.0
b839e41795b7f3ad94cc2014a52f6796,33,42829.0,6.672121212121212,4.090909090909091,high,2.0
16090f2ca825584b5a147ab24aa30c86,396,25495.87,9.209040404040405,4.088383838383838,high,16.0
0afccdb8a34ee5c79f7c06faf2b4d56e,23,1145.7,13.534347826086957,4.086956521739131,low,201.0
6b3bd31ad8fcda4b2635ec9f3ff2ecdf,35,4063.9,13.211142857142857,4.085714285714285,low,193.0
c8b0e2b0a7095e5d8219575d5e7e1181,83,11940.220000000001,9.990722891566266,4.0843373493975905,high,39.0
138dbe45fc62f1e244378131a6801526,49,1125.56,6.532244897959183,4.081632653061225,low,11.0
c3867b4666c7d76867627c2f7fb22e21,222,33891.0,15.481126126126126,4.081081081081081,high,229.0
e9bc59e7b60fc3063eb2290deda4cced,209,33543.69,14.271100478468899,4.076555023923445,high,190.0
5d0363b33554b373851fc1622e4d5f3c,93,6548.79,12.489139784946236,4.075268817204301,medium,153.0
575df70bde3f9f2b30bf8d2e9910d725,27,5410.05,13.393703703703704,4.074074074074074,medium,187.0
0c8380b62e38e8a1e6adbeba7eb9688c,176,17144.99,12.993125,4.073863636363637,high,151.0
8e6cc767478edae941d9bd9eb778d77a,95,5552.11,16.408526315789473,4.073684210526316,medium,243.0
8931a84a914b3fe9b1ddaa4d704947ca,28,4598.4,11.856785714285715,4.071428571428571,medium,133.0
c8467937e403e76a8ee9f0ab13f6f5ef,28,1751.09,16.841428571428573,4.071428571428571,low,253.0
276677b5d08786d5dce7c2149dcce48b,29,3316.2999999999997,12.387931034482758,4.068965517241379,low,165.0
a673821011d0cec28146ea42f5ab767f,121,12726.42,12.798842975206613,4.066115702479339,high,141.0
813348c996469b40f2e028d5429d3495,169,10634.83,10.272307692307692,4.06508875739645,high,51.0
96493fab2fbb13a14d0c0e8772eef5c3,62,18600.0,13.352903225806452,4.064516129032258,high,169.0
3be634553519fb6536a03e1358e9fdc7,78,5124.56,10.25423076923077,4.064102564102564,medium,83.0
8b9d6eec4a7eb7d0f9d579ce0b38324d,48,4159.55,10.403958333333334,4.0625,medium,89.0
001cca7ae9ae17fb1caed9dfb1094831,192,24177.03,13.118854166666667,4.0625,high,156.0
56642bcb79900e777d68e91915cb4267,48,3657.64,12.484375,4.0625,low,170.0
17ca9b9e9b9ef8fdb529001b49ebb50f,114,9579.89,8.18280701754386,4.06140350877193,medium,14.0
3fd1e727ba94cfe122d165e176ce7967,33,2620.6,15.55969696969697,4.0606060606060606,low,244.0
7142540dd4c91e2237acb7e911c4eba2,314,37012.14,14.767802547770701,4.060509554140127,high,212.0
7178f9f4dd81dcef02f62acdf8151e01,201,36755.5,15.789303482587066,4.059701492537314,high,234.0
aaed1309374718fdd995ee4c58c9dfcd,103,9272.550000000001,12.275436893203883,4.058252427184466,medium,147.0
bba74270a87732727b5a3b4fd9ac1c39,35,5964.6,9.715428571428571,4.057142857142857,medium,57.0
634964b17796e64304cadf1ad3050fb7,265,39114.1,14.672339622641509,4.056603773584905,high,209.0
3df020b72d3d44b3af9d110fa3940b65,55,5039.9,13.432,4.054545454545455,medium,188.0
0b90b6df587eb83608a64ea8b390cf07,160,28690.62,14.3023125,4.05,high,193.0
82bd0703a4aefd6b599e5bfdaed378fb,20,2394.28,11.6075,4.05,low,144.0
39d54ff918774174706fb065d7f9dc07,22,1554.69,13.90318181818182,4.045454545454546,low,217.0
1d8dbc4f32378d715c717c1c1fc57bae,88,10876.29,14.3925,4.045454545454546,high,198.0
79ebd9a61bac3eaf882805ed4ecfa12a,133,14857.99,15.38345864661654,4.045112781954887,high,227.0
391fc6631aebcf3004804e51b40bcf1e,512,39224.13,14.33341796875,4.04296875,high,195.0
6a8a889bde935bafa76d7848782dfaf9,24,809.8399999999999,7.685416666666666,4.041666666666667,low,28.0
7d13fca15225358621be4086e1eb0964,555,112027.29,15.72828828828829,4.0414414414414415,high,233.0
34056b8b55c1775a22af2331670a799c,77,6398.7,12.927532467532467,4.038961038961039,medium,169.0
94e93ce877be27a515118dbfd2c2be41,28,5258.68,13.55642857142857,4.035714285714286,medium,196.0
b335c59ab742f751a85db9c411a86739,30,2494.11,16.154,4.033333333333333,low,246.0
66e0557ecc2b4dbea057e93f215f68d8,30,12141.0,31.725666666666665,4.033333333333333,high,266.0
8e8a7ce9f2f970dc00e2acf6f6e199f6,62,8686.0,11.990967741935485,4.032258064516129,medium,138.0
0be8ff43f22e456b4e0371b2245e4d01,156,11336.0,10.396666666666667,4.032051282051282,high,53.0
a3e9a2c700480d9bb01fba070ba80a0e,126,13128.8,12.95674603174603,4.031746031746032,high,148.0
6a0cbc8af2e8abd1bdfb777943d174c6,33,3673.15,15.530000000000001,4.03030303030303,low,243.0
822166ed1e47908f7cfb49946d03c726,67,3654.84,12.511044776119403,4.029850746268656,low,171.0
7ddcbb64b5bc1ef36ca8c151f6ec77df,322,54123.68,12.700838509316771,4.027950310559007,high,136.0
ea8482cd71df3c1969d7b9473ff13abc,1124,36362.85,13.304288256227759,4.026690391459074,high,165.0
0dd184061fb0eaa7ca37932c68ab91c5,159,18222.92,11.855345911949685,4.0251572327044025,high,106.0
870d0118f7a9d85960f29ad89d5d989a,43,2984.6,14.243953488372092,4.023255813953488,low,226.0
cfb1a033743668a192316f3c6d1d2671,139,12578.84,12.1131654676259,4.0215827338129495,high,114.0
92eb0f42c21942b6552362b9b114707d,332,6369.57,13.748855421686747,4.021084337349397,medium,204.0
a6fe7de3d16f6149ffe280349a8535a0,48,2745.1,14.860624999999999,4.020833333333333,low,237.0
cd68562d3f44870c08922d380acae552,121,18003.7,16.11495867768595,4.016528925619835,high,242.0
8b28d096634035667e8263d57ba3368c,137,8891.6,14.057737226277373,4.014598540145985,medium,209.0
06a2c3af7b3aee5d69171b0e14f0ee87,385,35652.04,17.67148051948052,4.012987012987013,high,254.0
5dceca129747e92ff8ef7a997dc4f8ca,316,109012.94,11.561044303797468,4.012658227848101,high,96.0
e8b3a3a38279a82f0e5d006d5e5b7d2c,80,11962.3,17.30725,4.0125,high,251.0
06e5eefc71ec47ae763c5c6f8db7064f,87,20936.68,11.023333333333333,4.011494252873563,high,75.0
1025f0e2d44d7041d6cf58b6550e0bfa,896,136410.41,12.270524553571429,4.011160714285714,high,117.0
28f10b1c5e5abb9d4857745bede6147c,28,835.0,7.636785714285715,4.0,low,25.0
95e03ca3d4146e4011985981aeb959b9,166,10605.56,12.448915662650602,4.0,high,123.0
7139dc5186aa238b006e066d8fbab2e4,21,1685.0,13.973809523809523,4.0,low,220.0
751bdc4d83a466c7206cd42e8f426b03,48,6289.0,10.032291666666667,4.0,medium,71.0
ff1fb4c404b2efe68b03350a8dc24122,46,6771.0,10.307391304347826,4.0,medium,86.0
e8f6dc8e6a1dcde89d20e3995c8d90b3,35,2148.7400000000002,12.936,4.0,low,186.0
b56906f7fd1696e043f1bcce164c487b,40,2148.49,12.873750000000001,4.0,low,184.0
1336efc61c316ddf92c899eb817f7cae,73,4801.31,11.825616438356164,4.0,medium,131.0
f61c63d13f7cd800549d5acdd390ae72,26,3072.3,11.747307692307693,4.0,low,151.0
d93919c944be9cff128f6c9cb899eacb,33,2666.7000000000003,22.921515151515152,4.0,low,264.0
99eaacc9e6046db1c82b163c5f84869f,63,12642.28,14.98031746031746,4.0,high,217.0
4aba391bc3b88717ce08eb11e44937b2,27,7286.88,16.922592592592594,4.0,medium,248.0
0cbcee27c791afa0cdcb08587a2013a8,37,5054.15,12.79108108108108,4.0,medium,166.0
238fac594e170b59c6d228f5a4f4f1d9,28,3007.0,11.9675,4.0,low,157.0
2156f2671501a81034d7d07f217609d0,21,2909.5,15.28095238095238,4.0,low,242.0
e5a3438891c0bfdb9394643f95273d8e,214,7447.0599999999995,15.606121495327104,4.0,medium,237.0
6a51fc556dab5f766ced6fbc860bc613,24,7217.87,14.151666666666666,4.0,medium,213.0
40d54b51e962dbe09cabbcfd33298dee,30,6785.5599999999995,7.3340000000000005,4.0,medium,6.0
dfa0c4c6229ab200a4a1336b4d7128ff,77,4777.1,9.787792207792208,4.0,medium,60.0
b8555308bfdb4ca1ed54325a58da9a97,26,3047.2000000000003,10.218846153846155,4.0,low,99.0
701938c450705b8ae65fc923b70f35c7,72,11671.33,13.096250000000001,4.0,high,155.0
d5ba419e26d246a0719437cf37d9b46d,32,3806.5,9.835625,4.0,low,83.0
5c853bb56f70f4d14218944bae111d7a,23,263.13,8.656521739130435,4.0,low,49.0
5b67882648febfb6e1225e6ad7164f6b,27,6813.4800000000005,12.558518518518518,4.0,medium,155.0
7d76b645482be4a332374e8223836592,170,3727.35,13.678529411764705,4.0,low,208.0
2528513dd95219a6013d4d05176e391a,156,31534.2,10.722051282051282,3.9871794871794872,high,59.0
48162d548f5b1b11b9d29d1e01f75a61,65,20035.39,11.426923076923076,3.9846153846153847,high,92.0
59b22a78efb79a4797979612b885db36,124,26985.5,12.712177419354838,3.9838709677419355,high,137.0
e5a38146df062edaf55c38afa99e42dc,119,15060.17,11.669495798319328,3.9831932773109244,high,99.0
fcb5ace8bcc92f75707dc0f01a27d269,58,7891.45,10.573103448275862,3.9827586206896552,medium,94.0
6560211a19b47992c3666cc44a7e94c0,1801,119666.83,9.614758467518046,3.980011104941699,high,26.0
7202e2ba20579a9bd1acb29e61fe71f6,50,11895.8,13.3838,3.98,high,170.0
b17b679f4f5ce2e03ce6968c62648246,50,3424.18,19.2258,3.98,low,262.0
04308b1ee57b6625f47df1d56f00eedf,91,58461.9,18.804065934065935,3.978021978021978,high,259.0
4c2b230173bb36f9b240f2b8ac11786e,254,14290.97,12.971377952755905,3.9763779527559056,high,149.0
1da366cade6d8276e7d8beea7af5d4bf,41,5778.69,17.70512195121951,3.975609756097561,medium,252.0
f45122a9ab94eb4f3f8953578bc0c560,184,21764.68,12.760978260869566,3.972826086956522,high,139.0
6d66611d7c44cc30ce351abc49a68421,162,12948.800000000001,11.813333333333333,3.9691358024691357,high,104.0
ef506c96320abeedfb894c34db06f478,313,9444.53,13.433067092651758,3.9680511182108624,medium,189.0
2745f798279e0ed033addcc1474776d7,31,3642.93,13.594193548387098,3.967741935483871,low,204.0
e62b2d6ac10570a035a30bafcf01d263,59,5126.89,13.23220338983051,3.9661016949152543,medium,177.0
4992e76a42cb3aad7a7047e0d3d7e729,56,2171.2,7.713392857142857,3.9642857142857144,low,29.0
2138ccb85b11a4ec1e37afbd1c8eda1f,386,12060.23,11.35238341968912,3.9637305699481864,high,88.0
4e922959ae960d389249c378d1c939f5,408,44954.42,14.47549019607843,3.963235294117647,high,200.0
002100f778ceb8431b7a1020ff7ab48f,50,1216.6,16.387,3.96,low,249.0
8160255418d5aaa7dbdc9f4c64ebda44,374,45605.990000000005,16.122379679144387,3.9598930481283423,high,243.0
2709af9587499e95e803a6498a5a56e9,24,1081.56,11.305,3.9583333333333335,low,135.0
272f092de69afedd4d2969440b37f18f,24,1784.43,10.075000000000001,3.9583333333333335,low,90.0
abe42c5d03695b4257b5c6cbf4e6784e,48,16561.0,14.02125,3.9583333333333335,high,181.0
a36b125ac6d5fdbc7f50de85c9157bdc,23,1793.65,12.98521739130435,3.9565217391304346,low,188.0
903037660cf848a717166eb7a06d616e,44,7935.18,11.835909090909091,3.9545454545454546,medium,132.0
244c2f1bff6afe1f2eaf9bfe9b2aed38,22,2679.0,14.040909090909093,3.9545454545454546,low,224.0
a420f60ff1aa9acc80d0e42959f2b313,65,7346.3,11.70323076923077,3.953846153846154,medium,126.0
e9d99831abad74458942f21e16f33f92,128,4852.75,12.625,3.953125,medium,161.0
891071be6ba827b591264c90c2ae8a63,85,3793.34,13.706470588235293,3.9529411764705884,low,209.0
681fce914360217db47784ae28905a96,21,3975.7,11.862380952380953,3.9523809523809526,low,154.0
845e8036c3f7bf62099352f5ed910240,21,1584.6000000000001,7.5652380952380955,3.9523809523809526,low,24.0
834f8533b2ecb6598dd004ff3de7203a,41,4388.2699999999995,14.662682926829268,3.951219512195122,medium,224.0
f4aba7c0bca51484c30ab7bdc34bcdd1,107,2917.0,10.99626168224299,3.94392523364486,low,128.0
8a32e327fe2c1b3511609d81aaf9f042,124,6006.14,8.872903225806452,3.943548387096774,medium,36.0
e96498ed8daaa3e9c23f7a62da76591c,34,9619.09,15.198235294117648,3.9411764705882355,high,222.0
50c9975695009e5e6473912e83a6d1da,49,3946.9,16.116530612244897,3.938775510204082,low,245.0
1c68394e931a64f90ea236c5ea590300,140,24794.08,15.944785714285715,3.9357142857142855,high,236.0
f3da5b2ff499efb8d4a6d371d175d7dd,76,3579.89,11.609473684210526,3.9342105263157894,low,145.0
2a6fbeaa7ab9e5d59a35841a8da71ce4,29,1562.79,14.5,3.9310344827586206,low,229.0
75d34ebb1bd0bd7dde40dd507b8169c3,57,12656.33,16.04701754385965,3.9298245614035086,high,240.0
e7d5b006eb624f13074497221eb37807,28,3478.93,11.165714285714285,3.9285714285714284,low,131.0
e06f09ec0a4aca210779cf1cfc63cf19,28,5795.59,14.8925,3.9285714285714284,medium,227.0
b39d7fe263ef469605dbb32608aee0af,42,4903.3,13.443333333333333,3.9285714285714284,medium,190.0
d97df38225e5abadaff1e72cb72b823c,27,1700.0,12.403333333333332,3.925925925925926,low,166.0
688756f717c462a206ad854c5027a64a,79,5720.7699999999995,10.791392405063291,3.9240506329113924,medium,102.0
dd533b429f380718b70ad9922c294bae,39,2244.88,17.27846153846154,3.923076923076923,low,256.0
522620dcb18a6b31cd7bdf73665113a9,168,55007.81,15.371607142857142,3.9226190476190474,high,226.0
4a3ccda38b2129705f3fb522db62ca31,64,16169.09,13.3196875,3.921875,high,166.0
318f287a62ab7ac10b703ac37435a231,51,2432.48,11.519019607843138,3.9215686274509802,low,140.0
4c18691b6037662be2df78a765d98ab5,62,3042.52,9.256935483870967,3.9193548387096775,low,63.0
23d7c96d4a1160db1c726b248601b25a,48,10408.44,12.97375,3.9166666666666665,high,150.0
23a0ffca143a15b9b5bbdb7d552f626a,23,3718.51,11.502173913043478,3.9130434782608696,low,138.0
6fc26fe110feebd80a433e1f012a84f9,34,3914.87,12.872352941176471,3.911764705882353,low,183.0
3ab971ce71839580d2ae5b4e40fe8044,34,4747.1,6.771470588235295,3.911764705882353,medium,4.0
d673a59aac7a70d8b01e6902bf090a11,79,3908.94,14.116835443037974,3.911392405063291,low,225.0
dd2bdf855a9172734fbc3744021ae9b9,100,10367.6,15.3447,3.91,high,225.0
beadbee30901a7f61d031b6b686095ad,64,4373.98,14.09875,3.90625,medium,210.0
cca3071e3e9bb7d12640c9fbe2301306,673,60255.590000000004,14.118707280832094,3.9049034175334323,high,186.0
5d3bb11474a06bdc23fb9e89f1164ee0,31,3654.6,9.801612903225807,3.903225806451613,low,82.0
2a261b5b644fa05f4f2700eb93544f2c,50,5130.0,13.677999999999999,3.9,medium,202.0
1a932caad4f9d804097d7f8e615baed1,20,4661.0,9.5425,3.9,medium,50.0
2089a6d640999f9b9141ac719b2af596,40,7564.02,19.73375,3.9,medium,262.0
5343d0649eca2a983820bfe93fc4d17e,67,9573.02,11.168507462686566,3.8955223880597014,medium,113.0
5656537e588803a555b8eb41f07a944b,171,7931.26,11.294210526315789,3.8947368421052633,medium,117.0
d05ae8f7a5bd1d2a690a44cd079e4e27,76,13065.0,11.426447368421051,3.8947368421052633,high,91.0
14a08204d03bb6b6bde8029f801ae0eb,28,2185.4,8.836428571428572,3.892857142857143,low,55.0
d379f449f2a3b271bc01c0782020f705,28,4423.06,13.298928571428572,3.892857142857143,medium,182.0
fffd5413c0700ac820c7069d66d98c89,56,8343.6,13.47857142857143,3.892857142857143,medium,191.0
9e6229250fedbe05838fef417b74e7fb,73,12962.300000000001,11.82958904109589,3.8904109589041096,high,105.0
440dd6ab244315c632130ecfb63827b1,91,13089.0,16.61681318681319,3.89010989010989,high,246.0
e2aee0892199b1d92530e371abd825bf,36,5392.77,15.507777777777777,3.888888888888889,medium,235.0
7ad32824caee82087b3e2e5f33b1bf32,142,21433.1,11.684507042253522,3.887323943661972,high,100.0
f84a00e60c73a49e7e851c9bdca3a5bb,87,5739.84,11.899885057471264,3.8850574712643677,medium,135.0
df560393f3a51e74553ab94004ba5c87,26,3429.78,18.466923076923077,3.8846153846153846,low,259.0
23613d49c3ac2bd302259e55c06c050c,67,4062.3,14.004776119402985,3.8805970149253732,low,221.0
edf96ef93ed595084bbcbd9224bd2894,25,3757.0,13.8932,3.88,low,216.0
3b872fd4747f01cc56206f2934198618,25,2726.7400000000002,14.4872,3.88,low,228.0
3481aa57cd91f9f9d3fa1fa12d9a3bf7,25,1773.03,10.1944,3.88,low,98.0
198c7ea11960a9844b544d9bcdca860c,25,1733.75,14.5132,3.88,low,231.0
c31eff8334d6b3047ed34bebd4d62c36,119,12872.61,12.694285714285716,3.8739495798319328,high,135.0
977f9f63dd360c2a32ece2f93ad6d306,23,2730.07,12.797826086956523,3.869565217391304,low,178.0
1900267e848ceeba8fa32d80c1a5f5a8,398,24411.8,13.1528391959799,3.869346733668342,high,158.0
11bfa66332777660bd0640ee84d47006,76,3925.87,16.527631578947368,3.8684210526315788,low,251.0
dd7ddc04e1b6c2c614352b383efe2d36,118,8918.91,15.01822033898305,3.864406779661017,medium,230.0
63b464dbf392c7b80d12d932fa7cafed,36,6622.0,13.079722222222223,3.861111111111111,medium,174.0
f12ff17ad8bbf01ec5c33b17e506649b,28,6101.0,13.791785714285714,3.857142857142857,medium,205.0
fb89df7f89fd1b8f03fa2acca1ba7364,21,2005.5,16.157619047619047,3.857142857142857,low,247.0
b1fc4f64df5a0e8b6913ab38803c57a9,105,7869.76,15.73390476190476,3.857142857142857,medium,239.0
dc4a0fc896dc34b0d5bfec8438291c80,216,23464.06,13.578194444444444,3.8564814814814814,high,174.0
4a3ca9315b744ce9f8e9374361493884,1742,195112.42,14.459621125143514,3.8553386911595866,high,199.0
c33847515fa6305ce6feb1e818569f13,114,15519.85,9.289035087719299,3.8508771929824563,high,18.0
855668e0971d4dfd7bef1b6a4133b41b,295,30228.26,16.00406779661017,3.8508474576271188,high,238.0
f7ccf836d21b2fb1de37564105216cc1,67,2670.4,10.527910447761194,3.8507462686567164,low,108.0
f918546be4bec7104d117789ba758b2b,20,1483.0,12.359,3.85,low,162.0
3771c85bac139d2344864ede5d9341e3,26,1433.3,13.256153846153845,3.8461538461538463,low,196.0
db2956745b3a8e9f3785c99f34b5d25e,45,8261.0,14.283111111111111,3.8444444444444446,medium,215.0
09f952a5f58d2285b0372551ae8f9b01,50,11821.5,13.2918,3.84,high,164.0
f457c46070d02cadd8a68551231220dd,186,18223.0,14.605376344086022,3.838709677419355,high,205.0
3c4e0452bff7a2a788179488d3d77032,31,3719.5,13.436451612903225,3.838709677419355,low,199.0
e89c4adbe7b1d0819dbb636e16461cf1,24,3181.3,15.11625,3.8333333333333335,low,238.0
3c03b12bab54d8b37d79d914bfdb1aa0,36,4068.66,13.890555555555556,3.8333333333333335,medium,207.0
165fc07beebdcb6190fba8a06db2a449,48,16403.6,12.884583333333333,3.8333333333333335,high,146.0
a938325a4b357fd23a6a4d5bb126408e,24,3231.0,13.239583333333334,3.8333333333333335,low,194.0
25c5c91f63607446a97b143d2d535d31,154,53635.9,14.293506493506491,3.831168831168831,high,191.0
2b1a40c1daabc6ca280c4b815c101841,22,12342.6,13.425,3.8181818181818183,high,172.0
7f2617c58d5d06806987308b45654351,22,3656.8,12.48090909090909,3.8181818181818183,low,168.0
213b25e6f54661939f11710a6fddb871,151,14993.45,15.270860927152318,3.814569536423841,high,224.0
609e1a9a6c2539919b8205cf7c4e6ff0,85,6400.03,9.930117647058823,3.8117647058823527,medium,64.0
2d50d6282f8aa2257819a77bfaa0efe0,42,3008.48,13.652380952380952,3.8095238095238093,low,207.0
70a12e78e608ac31179aea7f8422044b,309,29725.53,14.699514563106796,3.809061488673139,high,210.0
d1c281d3ae149232351cd8c8cc885f0d,208,26139.66,12.800961538461538,3.8076923076923075,high,142.0
71039d19d4303bf9054d69e9a9236699,35,3537.2,13.889714285714286,3.8,low,215.0
7f152321c60a266edc53af1925ef96c1,20,3919.8,23.4695,3.8,low,266.0
431af27f296bc6519d890aa5a05fdb11,115,12854.7,17.22895652173913,3.8,high,249.0
4ebdc7e6cd6102a022dadc49156d4ea8,29,951.6,9.96448275862069,3.793103448275862,low,86.0
5f2684dab12e59f83bef73ae57724e45,67,8870.97,10.647164179104477,3.791044776119403,medium,97.0
0bf0150d5b9d60d9cd2906003332f085,38,5396.6,13.317631578947369,3.789473684210526,medium,184.0
d2374cbcbb3ca4ab1086534108cc3ab7,501,21046.5,14.541417165668662,3.7864271457085827,high,202.0
d20b021d3efdf267a402c402a48ea64b,84,3944.31,17.033690476190475,3.7857142857142856,low,254.0
ea566164622c6b439516ab18062c42cd,50,10309.42,14.027000000000001,3.78,high,182.0
17306570e772e7718c92a562d33f5f1d,27,8640.0,14.354444444444445,3.7777777777777777,medium,220.0
b14db04aa7881970e83ffa9426897925,75,5171.5,16.2256,3.7733333333333334,medium,242.0
eed78ac17f7f795a19a709745f00cd4e,22,4349.5,10.038181818181819,3.772727272727273,medium,72.0
55f7a3319d80f7fdf078b8f03e6725fe,22,3013.78,6.776818181818182,3.772727272727273,low,12.0
bf84056e679dbe9c69929847a40e338f,35,1918.08,12.677142857142856,3.7714285714285714,low,175.0
f46490624488d3ff7ce78613913a7711,80,5690.95,10.25275,3.7625,medium,82.0
af3ef48d0e13835e529c29ac573c63e5,21,1405.63,7.928571428571429,3.761904761904762,low,36.0
36a968b544695394e4e9d7572688598f,148,6999.37,10.72668918918919,3.7567567567567566,medium,100.0
1ce3ae5a399804d1a87e706f8a813c3e,40,2563.0,14.507249999999999,3.75,low,230.0
cd06602b43d8800bd0afad514919d35c,43,2555.31,12.597209302325581,3.744186046511628,low,174.0
dd55f1bb788714a40e7954c3be6df745,35,7041.759999999999,18.29514285714286,3.742857142857143,medium,257.0
cee48807215b30a12ca2ca10ffb5f250,38,7012.33,23.266052631578948,3.736842105263158,medium,264.0
44073f8b7e41514de3b7815dd0237f4f,140,18283.64,13.148428571428571,3.7357142857142858,high,157.0
6973a06f484aacf400ece213dbf3d946,86,10335.23,14.801511627906978,3.7325581395348837,high,213.0
6039e27294dc75811c0d8a39069f52c0,63,13500.800000000001,17.993650793650794,3.7301587301587302,high,256.0
99002261c568a84cce14d43fcffb43ea,36,4088.0,16.836666666666666,3.7222222222222223,medium,245.0
ed4acab38528488b65a9a9c603ff024a,32,12759.45,9.887419354838709,3.71875,high,36.0
897060da8b9a21f655304d50fd935913,300,21885.91,14.532266666666668,3.716666666666667,high,201.0
e99e927c81e3f51739c94fcdfca9f10f,21,2597.85,14.58095238095238,3.7142857142857144,low,232.0
82e0a475a88cc9595229d8029273f045,41,10748.02,16.001951219512193,3.707317073170732,high,237.0
e21a1e8be4715b0fcfd5385643bc49c4,20,673.6999999999999,16.6215,3.7,low,252.0
157c3e4b42f81ac4a44e8b1ca2fe9876,23,2548.5,10.978695652173913,3.6956521739130435,low,126.0
3c7c4a49ec3c6550809089c6a2ca9370,139,4102.650000000001,9.573956834532375,3.6906474820143886,medium,52.0
99a54764c341d5dc80b4a8fac4eba3fb,43,3570.7599999999998,7.717441860465117,3.6744186046511627,low,30.0
81f89e42267213cb94da7ddc301651da,46,3955.0,7.449130434782608,3.6739130434782608,low,19.0
95f83f51203c626648c875dd41874c7f,49,3047.67,11.800204081632653,3.673469387755102,low,152.0
5b179e9e8cc7ab6fd113a46ca584da81,33,5023.6,12.986666666666666,3.6666666666666665,medium,170.0
1835b56ce799e6a4dc4eddc053f04066,413,32737.98,13.242348668280872,3.6634382566585955,high,162.0
7040e82f899a04d1b434b795a43b4617,206,9164.0,10.557330097087378,3.650485436893204,medium,93.0
ff69aa92bb6b1bf9b8b7a51c2ed9cf8b,20,21940.8,11.4615,3.65,high,93.0
66dc1b1632bd6a3e508510c5b3492107,36,3542.19,10.280277777777776,3.638888888888889,low,101.0
ef990a83bbea832f36ebe81376335aa8,43,4642.59,16.92232558139535,3.627906976744186,medium,247.0
229c3efbfb0ea2058de4ccdfbc3d784a,117,15345.0,10.755641025641026,3.623931623931624,high,61.0
e0878efa0e0b7e5313ac0b43bc04c081,26,5025.4,18.13423076923077,3.6153846153846154,medium,256.0
d3f39f05462b79a4562d35893a28f159,33,2363.4,11.97181818181818,3.606060606060606,low,158.0
18a349e75d307f4b4cc646a691ed4216,108,7393.21,11.148888888888889,3.6018518518518516,medium,111.0
cac4c8e7b1ca6252d8f20b2fc1a2e4af,72,3688.21,18.120833333333334,3.5972222222222223,low,257.0
aae3bfea055532c57fb453ed3ec80b30,47,3024.93,12.51531914893617,3.595744680851064,low,172.0
850913d59ce317156b00f3705f1c3edb,29,2183.0,13.536206896551725,3.586206896551724,low,202.0
8e6d7754bc7e0f22c96d255ebda59eba,82,14037.48,15.258658536585367,3.5853658536585367,high,223.0
ede0c03645598cdfc63ca8237acbe73d,42,2233.15,18.33738095238095,3.5714285714285716,low,258.0
ea67327e24487bdfac5fbfa37ea124df,32,6250.18,8.72125,3.53125,medium,33.0
b2479f944e1b90cf8a5de1bbfde284d6,99,4533.55,15.305959595959596,3.525252525252525,medium,233.0
bc47d5d1490df2b36add65d733eafaba,21,929.8,12.853333333333333,3.5238095238095237,low,179.0
4e5725ba188db8252977a4f0227bd462,21,1865.09,20.97190476190476,3.5238095238095237,low,263.0
7c67e1448b00f6e969d365cea6b010ab,960,185073.21,22.34435416666667,3.496875,high,262.0
821fb029fc6e495ca4f08a35d51e53a5,23,17462.62,16.72478260869565,3.4782608695652173,high,247.0
f76a3b1349b6df1ee875d1f3fa4340f0,24,4160.79,17.023333333333333,3.4583333333333335,medium,250.0
88460e8ebdecbfecb5f9601833981930,240,31356.65,17.609666666666666,3.45,high,252.0
0b35c634521043bf4b47e21547b99ab5,48,12843.65,18.49625,3.4375,high,258.0
c60b801f2d52c7f7f91de00870882a75,39,11296.5,16.10333333333333,3.4358974358974357,high,241.0
710e3548e02bc1d2831dfc4f1b5b14d4,130,22259.260000000002,14.241384615384616,3.4307692307692306,high,188.0
af4a0e4cfe1d9c26b6712b1be25a72e5,21,8757.98,13.361904761904762,3.4285714285714284,medium,186.0
054694fa03fe82cec4b7551487331d74,20,8286.1,30.793,3.4,medium,267.0
1dfe5347016252a7884b694d4f10f5c4,20,1632.5,18.9085,3.4,low,260.0
712e6ed8aa4aa1fa65dab41fed5737e4,76,38796.0,24.163947368421052,3.3947368421052633,high,264.0
a7f13822ceb966b076af67121f87b063,71,11670.76,22.125633802816903,3.380281690140845,high,261.0
6fd52c528dcb38be2eea044946b811f8,65,7567.009999999999,21.687384615384616,3.3692307692307693,medium,263.0
8444e55c1f13cd5c179851e5ca5ebd00,90,20962.16,21.284222222222223,3.3666666666666667,high,260.0
070d165398b553f3b4b851c216b8a358,30,3273.1800000000003,12.096666666666668,3.3666666666666667,low,160.0
835f0f7810c76831d6c7d24c7a646d4d,42,4990.200000000001,18.097619047619048,3.357142857142857,medium,255.0
dc8798cbf453b7e0f98745e396cc5616,34,1708.1,12.854705882352942,3.3529411764705883,low,180.0
ad781527c93d00d89a11eecd9dcad7c1,38,6039.63,25.503947368421052,3.3421052631578947,medium,265.0
d71d863e5ef30d94e440c11be17dcd8f,21,8228.9,19.59047619047619,3.3333333333333335,medium,261.0
5058e8c1e82653974541e83690655b4a,61,9352.85,26.59622950819672,3.2459016393442623,medium,266.0
602044f2c16190c2c6e45eb35c2e21cb,47,3671.64,14.277659574468084,3.234042553191489,low,227.0
bbad7e518d7af88a0897397ffdca1979,67,4406.42,13.478955223880597,3.1791044776119404,medium,192.0
2a1348e9addc1af5aaa619b1a3679d6b,47,2467.5,23.433829787234046,3.1702127659574466,low,265.0
54965bbe3e4f07ae045b90b0b8541f52,69,9807.0,26.092898550724637,3.1449275362318843,high,265.0
972d0f9cf61b499a4812cf0bfa3ad3c4,79,7748.79,18.344050632911394,3.0253164556962027,medium,258.0
a49928bcdf77c55c6d6e05e09a9b4ca5,95,8567.0,16.89852631578947,3.0105263157894737,medium,246.0
2eb70248d66e0e3ef83659f71b244378,184,37624.95,17.931521739130435,2.7934782608695654,high,255.0
1ca7077d890b907f89be8c954a02686a,107,12324.64,15.537102803738318,2.392523364485981,high,230.0
